GHO,YEAR,COUNTRY,GROUP,SEX_CODE,SEX,NUMERIC,GroupCode,,
nMx,1990,India,19,MLE,Male,0.002,15_19,,
nMx,2012,India,19,MLE,Male,0.001,15_19,,
nMx,1990,India,24,MLE,Male,0.002,20_24,,
nMx,2012,India,29,MLE,Male,0.002,25_29,,
nMx,2000,India,34,MLE,Male,0.004,30_34,,
nMx,2012,India,44,MLE,Male,0.006,40_44,,
nMx,1990,India,49,MLE,Male,0.01,45_49,,
nMx,2012,India,59,MLE,Male,0.017,55_59,,
nMx,2000,India,74,MLE,Male,0.068,70_74,,
nMx,1990,India,89,MLE,Male,0.183,85_89,,
nMx,2012,India,4,BTSX,Both sexes,0.003,1_4,,
nMx,2000,India,9,BTSX,Both sexes,0.002,5_9,,
nMx,1990,India,24,BTSX,Both sexes,0.003,20_24,,
nMx,2000,India,34,BTSX,Both sexes,0.003,30_34,,
nMx,1990,India,54,BTSX,Both sexes,0.013,50_54,,
nMx,1990,India,64,BTSX,Both sexes,0.031,60_64,,
nMx,2012,India,64,BTSX,Both sexes,0.023,60_64,,
nMx,2012,India,74,BTSX,Both sexes,0.056,70_74,,
nMx,1990,India,79,BTSX,Both sexes,0.099,75_79,,
nMx,2012,India,79,BTSX,Both sexes,0.083,75_79,,
nMx,2012,India,89,BTSX,Both sexes,0.156,85_89,,
nMx,1990,India,94,BTSX,Both sexes,0.233,90_94,,
nqx,1990,India,1,MLE,Male,0.09,<1,,
nqx,2000,India,1,MLE,Male,0.066,<1,,
nqx,1990,India,14,MLE,Male,0.007,10_14,,
nqx,2012,India,14,MLE,Male,0.004,10_14,,
nqx,2000,India,24,MLE,Male,0.012,20_24,,
nqx,2012,India,24,MLE,Male,0.01,20_24,,
nqx,1990,India,29,MLE,Male,0.014,25_29,,
nqx,2012,India,39,MLE,Male,0.022,35_39,,
nqx,1990,India,59,MLE,Male,0.104,55_59,,
nqx,2012,India,79,MLE,Male,0.374,75_79,,
nqx,2000,India,94,MLE,Male,0.682,90_94,,
nqx,2000,India,1,BTSX,Both sexes,0.067,<1,,
nqx,1990,India,4,BTSX,Both sexes,0.041,1_4,,
nqx,2000,India,14,BTSX,Both sexes,0.006,10_14,,
nqx,1990,India,19,BTSX,Both sexes,0.011,15_19,,
nqx,2012,India,39,BTSX,Both sexes,0.017,35_39,,
nqx,2012,India,44,BTSX,Both sexes,0.021,40_44,,
nqx,2012,India,54,BTSX,Both sexes,0.044,50_54,,
nqx,2000,India,69,BTSX,Both sexes,0.188,65_69,,
nqx,1990,India,89,BTSX,Both sexes,0.6,85_89,,
nqx,1990,India,110,BTSX,Both sexes,1,100+,,
lx,2000,India,4,MLE,Male,93370,1_4,,
lx,2012,India,4,MLE,Male,95650,1_4,,
lx,2000,India,9,MLE,Male,91322,5_9,,
lx,2012,India,19,MLE,Male,93642,15_19,,
lx,1990,India,34,MLE,Male,83049,30_34,,
lx,1990,India,49,MLE,Male,77284,45_49,,
lx,2000,India,49,MLE,Male,80875,45_49,,
lx,1990,India,64,MLE,Male,61314,60_64,,
lx,2000,India,64,MLE,Male,65548,60_64,,
lx,2012,India,64,MLE,Male,70997,60_64,,
lx,1990,India,79,MLE,Male,27682,75_79,,
lx,2012,India,89,MLE,Male,11954,85_89,,
lx,1990,India,110,MLE,Male,203,100+,,
lx,2000,India,1,BTSX,Both sexes,100000,<1,,
lx,2000,India,9,BTSX,Both sexes,90870,5_9,,
lx,2012,India,9,BTSX,Both sexes,94383,5_9,,
lx,2012,India,34,BTSX,Both sexes,90860,30_34,,
lx,2000,India,39,BTSX,Both sexes,84860,35_39,,
lx,2012,India,39,BTSX,Both sexes,89668,35_39,,
lx,1990,India,54,BTSX,Both sexes,73668,50_54,,
lx,2000,India,54,BTSX,Both sexes,78192,50_54,,
lx,2012,India,64,BTSX,Both sexes,74432,60_64,,
lx,2012,India,79,BTSX,Both sexes,41562,75_79,,
lx,1990,India,84,BTSX,Both sexes,18232,80_84,,
lx,2012,India,110,BTSX,Both sexes,620,100+,,
ndx,2000,India,4,MLE,Male,2048,1_4,,x+n
ndx,2012,India,4,MLE,Male,1050,1_4,,x+n
ndx,1990,India,9,MLE,Male,1139,5_9,,x+n
ndx,2000,India,44,MLE,Male,2537,40_44,,x+n
ndx,2000,India,49,MLE,Male,3530,45_49,,x+n
ndx,2000,India,59,MLE,Male,6827,55_59,,x+n
ndx,1990,India,64,MLE,Male,9735,60_64,,x+n
ndx,2000,India,74,MLE,Male,12908,70_74,,x+n
ndx,2012,India,84,MLE,Male,10816,80_84,,x+n
ndx,1990,India,110,MLE,Male,203,100+,,x+n
ndx,1990,India,24,BTSX,Both sexes,1250,20_24,,x+n
ndx,2000,India,24,BTSX,Both sexes,1123,20_24,,x+n
ndx,1990,India,54,BTSX,Both sexes,4541,50_54,,x+n
ndx,2000,India,64,BTSX,Both sexes,8614,60_64,,x+n
ndx,2000,India,79,BTSX,Both sexes,13031,75_79,,x+n
ndx,2000,India,89,BTSX,Both sexes,6628,85_89,,x+n
ndx,2012,India,89,BTSX,Both sexes,8211,85_89,,x+n
ndx,1990,India,94,BTSX,Both sexes,2530,90_94,,x+n
ndx,1990,India,110,BTSX,Both sexes,235,100+,,x+n
nLx,2000,India,1,MLE,Male,95359,<1,,
nLx,2000,India,9,MLE,Male,454547,5_9,,
nLx,2012,India,9,MLE,Male,471632,5_9,,
nLx,1990,India,29,MLE,Male,418250,25_29,,
nLx,1990,India,59,MLE,Male,325321,55_59,,
nLx,2000,India,69,MLE,Male,251274,65_69,,
nLx,2000,India,79,MLE,Male,124510,75_79,,
nLx,2000,India,94,MLE,Male,11823,90_94,,
nLx,2012,India,94,MLE,Male,16406,90_94,,
nLx,1990,India,99,MLE,Male,2474,95_99,,
nLx,2012,India,1,BTSX,Both sexes,96928,<1,,
nLx,1990,India,29,BTSX,Both sexes,413161,25_29,,
nLx,1990,India,34,BTSX,Both sexes,406472,30_34,,
nLx,2000,India,44,BTSX,Both sexes,411022,40_44,,
nLx,2000,India,59,BTSX,Both sexes,356014,55_59,,
nLx,2000,India,74,BTSX,Both sexes,208918,70_74,,
nLx,2000,India,84,BTSX,Both sexes,82671,80_84,,
nLx,1990,India,99,BTSX,Both sexes,2892,95_99,,
Tx,1990,India,1,MLE,Male,5745242,<1,,
Tx,2012,India,24,MLE,Male,4562391,20_24,,
Tx,2012,India,34,MLE,Male,3641682,30_34,,
Tx,2000,India,49,MLE,Male,2103504,45_49,,
Tx,2000,India,64,MLE,Male,986728,60_64,,
Tx,2012,India,64,MLE,Male,1126302,60_64,,
Tx,2000,India,110,MLE,Male,810,100+,,
Tx,2000,India,14,BTSX,Both sexes,5246766,10_14,,
Tx,2012,India,14,BTSX,Both sexes,5664980,10_14,,
Tx,2012,India,24,BTSX,Both sexes,4731306,20_24,,
Tx,1990,India,29,BTSX,Both sexes,3620069,25_29,,
Tx,2000,India,39,BTSX,Both sexes,3051019,35_39,,
Tx,1990,India,44,BTSX,Both sexes,2401558,40_44,,
Tx,1990,India,54,BTSX,Both sexes,1635711,50_54,,
Tx,2012,India,54,BTSX,Both sexes,2055721,50_54,,
Tx,1990,India,69,BTSX,Both sexes,654938,65_69,,
Tx,2000,India,69,BTSX,Both sexes,764122,65_69,,
Tx,2000,India,84,BTSX,Both sexes,142420,80_84,,
Tx,1990,India,99,BTSX,Both sexes,3509,95_99,,
Tx,2000,India,99,BTSX,Both sexes,5324,95_99,,
ex,2012,India,1,MLE,Male,64,<1,,
ex,1990,India,4,MLE,Male,62,1_4,,
ex,2000,India,4,MLE,Male,64,1_4,,
ex,1990,India,19,MLE,Male,51,15_19,,
ex,2000,India,19,MLE,Male,52,15_19,,
ex,2000,India,44,MLE,Male,30,40_44,,
ex,2000,India,59,MLE,Male,18,55_59,,
ex,2012,India,59,MLE,Male,19,55_59,,
ex,2012,India,69,MLE,Male,13,65_69,,
ex,1990,India,74,MLE,Male,9,70_74,,
ex,2000,India,84,MLE,Male,6,80_84,,
ex,2000,India,89,MLE,Male,5,85_89,,
ex,2000,India,99,MLE,Male,3,95_99,,
ex,2012,India,99,MLE,Male,4,95_99,,
ex,1990,India,110,MLE,Male,3,100+,,
ex,1990,India,19,BTSX,Both sexes,52,15_19,,
ex,1990,India,24,BTSX,Both sexes,48,20_24,,
ex,2012,India,29,BTSX,Both sexes,46,25_29,,
ex,1990,India,49,BTSX,Both sexes,26,45_49,,
ex,2000,India,49,BTSX,Both sexes,27,45_49,,
ex,1990,India,64,BTSX,Both sexes,15,60_64,,
ex,1990,India,74,BTSX,Both sexes,10,70_74,,
ex,2000,India,79,BTSX,Both sexes,8,75_79,,
ex,1990,India,89,BTSX,Both sexes,5,85_89,,
ex,2012,India,89,BTSX,Both sexes,6,85_89,,
ex,1990,India,94,BTSX,Both sexes,4,90_94,,
nMx,1990,India,24,FMLE,Female,0.004,20_24,,
nMx,2012,India,34,FMLE,Female,0.002,30_34,,
nMx,2000,India,39,FMLE,Female,0.003,35_39,,
nMx,1990,India,49,FMLE,Female,0.007,45_49,,
nMx,2000,India,64,FMLE,Female,0.023,60_64,,
nMx,2012,India,64,FMLE,Female,0.019,60_64,,
nMx,1990,India,69,FMLE,Female,0.042,65_69,,
nMx,2000,India,89,FMLE,Female,0.163,85_89,,
nMx,1990,India,94,FMLE,Female,0.232,90_94,,
nMx,2000,India,110,FMLE,Female,0.368,100+,,
nqx,2000,India,4,FMLE,Female,0.032,1_4,,
nqx,2000,India,34,FMLE,Female,0.014,30_34,,
nqx,1990,India,39,FMLE,Female,0.019,35_39,,
nqx,2012,India,44,FMLE,Female,0.015,40_44,,
nqx,2000,India,49,FMLE,Female,0.027,45_49,,
nqx,2000,India,59,FMLE,Female,0.067,55_59,,
nqx,2000,India,74,FMLE,Female,0.25,70_74,,
nqx,2000,India,79,FMLE,Female,0.346,75_79,,
nqx,1990,India,89,FMLE,Female,0.593,85_89,,
nqx,2012,India,99,FMLE,Female,0.743,95_99,,
nqx,1990,India,110,FMLE,Female,1,100+,,
lx,1990,India,4,FMLE,Female,91400,1_4,,
lx,2012,India,4,FMLE,Female,95570,1_4,,
lx,1990,India,9,FMLE,Female,87031,5_9,,
lx,2000,India,19,FMLE,Female,88836,15_19,,
lx,2000,India,34,FMLE,Female,85492,30_34,,
lx,2000,India,49,FMLE,Female,81367,45_49,,
lx,2000,India,59,FMLE,Female,75792,55_59,,
lx,2012,India,59,FMLE,Female,82673,55_59,,
lx,2000,India,99,FMLE,Female,1983,95_99,,
ndx,2012,India,4,FMLE,Female,1427,1_4,,x+n
ndx,2012,India,19,FMLE,Female,683,15_19,,x+n
ndx,1990,India,24,FMLE,Female,1458,20_24,,x+n
ndx,1990,India,34,FMLE,Female,1376,30_34,,x+n
ndx,2012,India,34,FMLE,Female,937,30_34,,x+n
ndx,2000,India,49,FMLE,Female,2231,45_49,,x+n
ndx,2012,India,74,FMLE,Female,13679,70_74,,x+n
ndx,2000,India,79,FMLE,Female,13654,75_79,,x+n
ndx,2000,India,89,FMLE,Female,7822,85_89,,x+n
ndx,1990,India,94,FMLE,Female,2937,90_94,,x+n
ndx,1990,India,110,FMLE,Female,271,100+,,x+n
ndx,2012,India,110,FMLE,Female,787,100+,,x+n
nLx,1990,India,4,FMLE,Female,354205,1_4,,
nLx,2012,India,4,FMLE,Female,378642,1_4,,
nLx,1990,India,9,FMLE,Female,431528,5_9,,
nLx,1990,India,19,FMLE,Female,421590,15_19,,
nLx,1990,India,34,FMLE,Female,400804,30_34,,
nLx,2012,India,34,FMLE,Female,451358,30_34,,
nLx,1990,India,49,FMLE,Female,374841,45_49,,
nLx,1990,India,59,FMLE,Female,336222,55_59,,
nLx,2012,India,59,FMLE,Female,403146,55_59,,
nLx,1990,India,64,FMLE,Female,301926,60_64,,
nLx,2000,India,74,FMLE,Female,230847,70_74,,
nLx,1990,India,79,FMLE,Female,132390,75_79,,
nLx,2000,India,89,FMLE,Female,48066,85_89,,
nLx,2012,India,99,FMLE,Female,8638,95_99,,
nLx,2000,India,110,FMLE,Female,1258,100+,,
Tx,2012,India,14,FMLE,Female,5847972,10_14,,
Tx,1990,India,19,FMLE,Female,4506188,15_19,,
Tx,2000,India,29,FMLE,Female,4031444,25_29,,
Tx,1990,India,34,FMLE,Female,3261925,30_34,,
Tx,2000,India,44,FMLE,Female,2758254,40_44,,
Tx,2012,India,54,FMLE,Female,2230612,50_54,,
Tx,2000,India,69,FMLE,Female,855175,65_69,,
Tx,1990,India,74,FMLE,Female,455358,70_74,,
Tx,1990,India,89,FMLE,Female,51714,85_89,,
Tx,1990,India,99,FMLE,Female,4069,95_99,,
Tx,2000,India,99,FMLE,Female,6670,95_99,,
ex,2000,India,14,FMLE,Female,60,10_14,,
ex,1990,India,29,FMLE,Female,45,25_29,,
ex,2000,India,29,FMLE,Female,47,25_29,,
ex,2012,India,29,FMLE,Female,49,25_29,,
ex,2000,India,54,FMLE,Female,25,50_54,,
ex,2012,India,69,FMLE,Female,15,65_69,,
ex,1990,India,74,FMLE,Female,10,70_74,,
nMx,1990,India,1,MLE,Male,0.096,<1,,
nMx,2000,India,14,MLE,Male,0.001,10_14,,
nMx,2012,India,24,MLE,Male,0.002,20_24,,
nMx,2000,India,39,MLE,Male,0.005,35_39,,
nMx,2000,India,44,MLE,Male,0.006,40_44,,
nMx,1990,India,69,MLE,Male,0.05,65_69,,
nMx,2000,India,69,MLE,Male,0.047,65_69,,
nMx,2012,India,69,MLE,Male,0.043,65_69,,
nMx,1990,India,84,MLE,Male,0.142,80_84,,
nMx,2012,India,84,MLE,Male,0.127,80_84,,
nMx,2012,India,1,BTSX,Both sexes,0.045,<1,,
nMx,1990,India,4,BTSX,Both sexes,0.01,1_4,,
nMx,2000,India,4,BTSX,Both sexes,0.007,1_4,,
nMx,1990,India,14,BTSX,Both sexes,0.002,10_14,,
nMx,2000,India,19,BTSX,Both sexes,0.002,15_19,,
nMx,2000,India,29,BTSX,Both sexes,0.003,25_29,,
nMx,2012,India,29,BTSX,Both sexes,0.002,25_29,,
nMx,1990,India,34,BTSX,Both sexes,0.003,30_34,,
nMx,2012,India,39,BTSX,Both sexes,0.003,35_39,,
nMx,2012,India,54,BTSX,Both sexes,0.009,50_54,,
nMx,2012,India,59,BTSX,Both sexes,0.014,55_59,,
nMx,2012,India,69,BTSX,Both sexes,0.037,65_69,,
nMx,1990,India,99,BTSX,Both sexes,0.297,95_99,,
nMx,2012,India,99,BTSX,Both sexes,0.263,95_99,,
nMx,1990,India,110,BTSX,Both sexes,0.381,100+,,
nqx,2012,India,4,MLE,Male,0.011,1_4,,
nqx,1990,India,19,MLE,Male,0.009,15_19,,
nqx,2000,India,19,MLE,Male,0.008,15_19,,
nqx,2000,India,34,MLE,Male,0.018,30_34,,
nqx,2012,India,34,MLE,Male,0.016,30_34,,
nqx,1990,India,39,MLE,Male,0.022,35_39,,
nqx,1990,India,49,MLE,Male,0.047,45_49,,
nqx,2012,India,49,MLE,Male,0.039,45_49,,
nqx,2012,India,59,MLE,Male,0.082,55_59,,
nqx,2000,India,64,MLE,Male,0.145,60_64,,
nqx,1990,India,94,MLE,Male,0.7,90_94,,
nqx,2012,India,110,MLE,Male,1,100+,,
nqx,2012,India,9,BTSX,Both sexes,0.006,5_9,,
nqx,2000,India,39,BTSX,Both sexes,0.02,35_39,,
nqx,2000,India,49,BTSX,Both sexes,0.036,45_49,,
nqx,2000,India,64,BTSX,Both sexes,0.127,60_64,,
nqx,2012,India,64,BTSX,Both sexes,0.11,60_64,,
nqx,2000,India,79,BTSX,Both sexes,0.371,75_79,,
nqx,2012,India,94,BTSX,Both sexes,0.648,90_94,,
nqx,2000,India,110,BTSX,Both sexes,1,100+,,
nqx,2012,India,110,BTSX,Both sexes,1,100+,,
lx,1990,India,1,MLE,Male,100000,<1,,
lx,2012,India,9,MLE,Male,94600,5_9,,
lx,2000,India,14,MLE,Male,90497,10_14,,
lx,2012,India,14,MLE,Male,94053,10_14,,
lx,1990,India,29,MLE,Male,84221,25_29,,
lx,1990,India,44,MLE,Male,79805,40_44,,
lx,2000,India,59,MLE,Male,72375,55_59,,
lx,1990,India,69,MLE,Male,51579,65_69,,
lx,1990,India,74,MLE,Male,40012,70_74,,
lx,2012,India,79,MLE,Male,36347,75_79,,
lx,1990,India,99,MLE,Male,932,95_99,,
lx,2012,India,99,MLE,Male,1801,95_99,,
lx,2000,India,4,BTSX,Both sexes,93346,1_4,,
lx,1990,India,19,BTSX,Both sexes,85492,15_19,,
lx,2012,India,29,BTSX,Both sexes,91866,25_29,,
lx,1990,India,34,BTSX,Both sexes,81983,30_34,,
lx,1990,India,74,BTSX,Both sexes,42563,70_74,,
lx,2012,India,74,BTSX,Both sexes,55135,70_74,,
lx,2012,India,84,BTSX,Both sexes,27352,80_84,,
ndx,2000,India,14,MLE,Male,546,10_14,,x+n
ndx,2000,India,29,MLE,Male,1257,25_29,,x+n
ndx,2012,India,49,MLE,Male,3293,45_49,,x+n
ndx,2012,India,79,MLE,Male,13578,75_79,,x+n
ndx,1990,India,84,MLE,Male,8401,80_84,,x+n
ndx,1990,India,4,BTSX,Both sexes,3721,1_4,,x+n
ndx,1990,India,14,BTSX,Both sexes,679,10_14,,x+n
ndx,2000,India,14,BTSX,Both sexes,563,10_14,,x+n
ndx,2000,India,69,BTSX,Both sexes,11184,65_69,,x+n
ndx,2012,India,69,BTSX,Both sexes,11133,65_69,,x+n
ndx,1990,India,84,BTSX,Both sexes,9176,80_84,,x+n
ndx,2012,India,94,BTSX,Both sexes,4403,90_94,,x+n
ndx,2000,India,99,BTSX,Both sexes,1209,95_99,,x+n
nLx,1990,India,4,MLE,Male,355845,1_4,,
nLx,1990,India,9,MLE,Male,436478,5_9,,
nLx,2012,India,29,MLE,Male,457796,25_29,,
nLx,1990,India,34,MLE,Male,411782,30_34,,
nLx,2000,India,34,MLE,Male,430829,30_34,,
nLx,2000,India,49,MLE,Male,396046,45_49,,
nLx,2000,India,59,MLE,Male,345743,55_59,,
nLx,1990,India,64,MLE,Male,283226,60_64,,
nLx,2000,India,64,MLE,Male,305081,60_64,,
nLx,2000,India,74,MLE,Male,188688,70_74,,
nLx,2012,India,74,MLE,Male,215878,70_74,,
nLx,1990,India,79,MLE,Male,109083,75_79,,
nLx,1990,India,89,MLE,Male,26258,85_89,,
nLx,2000,India,89,MLE,Male,31890,85_89,,
nLx,2012,India,110,MLE,Male,1413,100+,,
nLx,1990,India,1,BTSX,Both sexes,93828,<1,,
nLx,2000,India,19,BTSX,Both sexes,445092,15_19,,
nLx,2012,India,19,BTSX,Both sexes,465558,15_19,,
nLx,1990,India,24,BTSX,Both sexes,419539,20_24,,
nLx,2012,India,24,BTSX,Both sexes,461654,20_24,,
nLx,1990,India,39,BTSX,Both sexes,398878,35_39,,
nLx,2000,India,39,BTSX,Both sexes,420296,35_39,,
nLx,1990,India,54,BTSX,Both sexes,357689,50_54,,
nLx,2012,India,64,BTSX,Both sexes,353013,60_64,,
nLx,2000,India,79,BTSX,Both sexes,142690,75_79,,
nLx,1990,India,94,BTSX,Both sexes,10867,90_94,,
nLx,2000,India,110,BTSX,Both sexes,1019,100+,,
Tx,2012,India,4,MLE,Male,6350007,1_4,,
Tx,2000,India,14,MLE,Male,5147877,10_14,,
Tx,1990,India,29,MLE,Male,3574886,25_29,,
Tx,2012,India,54,MLE,Male,1896798,50_54,,
Tx,2000,India,59,MLE,Male,1332471,55_59,,
Tx,2012,India,59,MLE,Male,1498074,55_59,,
Tx,1990,India,74,MLE,Male,375961,70_74,,
Tx,2000,India,74,MLE,Male,430373,70_74,,
Tx,2012,India,74,MLE,Male,512559,70_74,,
Tx,2000,India,89,MLE,Male,47878,85_89,,
Tx,2012,India,99,MLE,Male,6498,95_99,,
Tx,1990,India,4,BTSX,Both sexes,5683055,1_4,,
Tx,1990,India,9,BTSX,Both sexes,5328001,5_9,,
Tx,2012,India,19,BTSX,Both sexes,5196864,15_19,,
Tx,2012,India,29,BTSX,Both sexes,4269653,25_29,,
Tx,1990,India,34,BTSX,Both sexes,3206908,30_34,,
Tx,2000,India,34,BTSX,Both sexes,3478815,30_34,,
Tx,2000,India,44,BTSX,Both sexes,2630723,40_44,,
Tx,2000,India,74,BTSX,Both sexes,494027,70_74,,
Tx,2012,India,89,BTSX,Both sexes,82946,85_89,,
Tx,1990,India,94,BTSX,Both sexes,14376,90_94,,
Tx,2012,India,99,BTSX,Both sexes,8583,95_99,,
Tx,2000,India,110,BTSX,Both sexes,1019,100+,,
Tx,2012,India,110,BTSX,Both sexes,1825,100+,,
ex,1990,India,9,MLE,Male,60,5_9,,
ex,1990,India,24,MLE,Male,47,20_24,,
ex,2012,India,34,MLE,Male,40,30_34,,
ex,2000,India,39,MLE,Male,34,35_39,,
ex,2000,India,49,MLE,Male,26,45_49,,
ex,2012,India,49,MLE,Male,27,45_49,,
ex,1990,India,69,MLE,Male,12,65_69,,
ex,2012,India,94,MLE,Male,4,90_94,,
ex,2012,India,110,MLE,Male,3,100+,,
ex,2000,India,1,BTSX,Both sexes,62,<1,,
ex,2012,India,9,BTSX,Both sexes,65,5_9,,
ex,2012,India,14,BTSX,Both sexes,60,10_14,,
ex,2000,India,24,BTSX,Both sexes,49,20_24,,
ex,2000,India,29,BTSX,Both sexes,45,25_29,,
ex,2000,India,44,BTSX,Both sexes,32,40_44,,
ex,2012,India,54,BTSX,Both sexes,25,50_54,,
ex,1990,India,59,BTSX,Both sexes,18,55_59,,
ex,2012,India,64,BTSX,Both sexes,17,60_64,,
ex,2000,India,69,BTSX,Both sexes,13,65_69,,
ex,2012,India,69,BTSX,Both sexes,14,65_69,,
ex,1990,India,84,BTSX,Both sexes,6,80_84,,
ex,2012,India,84,BTSX,Both sexes,7,80_84,,
ex,2000,India,94,BTSX,Both sexes,4,90_94,,
ex,2012,India,94,BTSX,Both sexes,4,90_94,,
ex,2000,India,99,BTSX,Both sexes,3,95_99,,
nMx,2000,India,4,FMLE,Female,0.008,1_4,,
nMx,2000,India,14,FMLE,Female,0.001,10_14,,
nMx,2012,India,14,FMLE,Female,0.001,10_14,,
nMx,2012,India,24,FMLE,Female,0.002,20_24,,
nMx,1990,India,34,FMLE,Female,0.003,30_34,,
nMx,2012,India,39,FMLE,Female,0.002,35_39,,
nMx,2000,India,44,FMLE,Female,0.004,40_44,,
nMx,2012,India,44,FMLE,Female,0.003,40_44,,
nMx,2000,India,54,FMLE,Female,0.009,50_54,,
nMx,2000,India,59,FMLE,Female,0.014,55_59,,
nMx,2012,India,84,FMLE,Female,0.111,80_84,,
nqx,2012,India,1,FMLE,Female,0.044,<1,,
nqx,2012,India,14,FMLE,Female,0.004,10_14,,
nqx,2000,India,24,FMLE,Female,0.014,20_24,,
nqx,1990,India,29,FMLE,Female,0.017,25_29,,
nqx,2000,India,29,FMLE,Female,0.014,25_29,,
nqx,2000,India,39,FMLE,Female,0.016,35_39,,
nqx,2012,India,39,FMLE,Female,0.012,35_39,,
nqx,1990,India,44,FMLE,Female,0.024,40_44,,
nqx,2012,India,54,FMLE,Female,0.032,50_54,,
nqx,2012,India,69,FMLE,Female,0.143,65_69,,
nqx,1990,India,84,FMLE,Female,0.492,80_84,,
nqx,2000,India,94,FMLE,Female,0.671,90_94,,
nqx,2000,India,99,FMLE,Female,0.767,95_99,,
lx,2000,India,9,FMLE,Female,90374,5_9,,
lx,1990,India,14,FMLE,Female,85580,10_14,,
lx,2000,India,14,FMLE,Female,89418,10_14,,
lx,2000,India,24,FMLE,Female,87887,20_24,,
lx,2012,India,34,FMLE,Female,90731,30_34,,
lx,1990,India,39,FMLE,Female,79469,35_39,,
lx,2000,India,39,FMLE,Female,84301,35_39,,
lx,2012,India,54,FMLE,Female,85431,50_54,,
lx,2000,India,64,FMLE,Female,70697,60_64,,
lx,1990,India,94,FMLE,Female,4214,90_94,,
lx,2012,India,94,FMLE,Female,8563,90_94,,
lx,1990,India,99,FMLE,Female,1277,95_99,,
lx,2012,India,110,FMLE,Female,787,100+,,
ndx,1990,India,1,FMLE,Female,8600,<1,,x+n
ndx,2012,India,1,FMLE,Female,4430,<1,,x+n
ndx,2000,India,39,FMLE,Female,1326,35_39,,x+n
ndx,2012,India,39,FMLE,Female,1105,35_39,,x+n
ndx,1990,India,54,FMLE,Female,3835,50_54,,x+n
ndx,2012,India,54,FMLE,Female,2758,50_54,,x+n
ndx,1990,India,59,FMLE,Female,5505,55_59,,x+n
ndx,2000,India,69,FMLE,Female,10419,65_69,,x+n
ndx,1990,India,74,FMLE,Female,12580,70_74,,x+n
ndx,2012,India,79,FMLE,Female,14907,75_79,,x+n
ndx,2000,India,84,FMLE,Female,11930,80_84,,x+n
ndx,2000,India,94,FMLE,Female,4047,90_94,,x+n
nLx,1990,India,1,FMLE,Female,93980,<1,,
nLx,2000,India,1,FMLE,Female,95324,<1,,
nLx,2012,India,1,FMLE,Female,96899,<1,,
nLx,1990,India,14,FMLE,Female,426102,10_14,,
nLx,2000,India,14,FMLE,Female,445634,10_14,,
nLx,2012,India,49,FMLE,Female,432242,45_49,,
nLx,2012,India,54,FMLE,Female,420742,50_54,,
nLx,2000,India,64,FMLE,Female,335438,60_64,,
nLx,1990,India,84,FMLE,Female,75517,80_84,,
nLx,1990,India,94,FMLE,Female,12674,90_94,,
nLx,2012,India,110,FMLE,Female,2278,100+,,
Tx,1990,India,14,FMLE,Female,4932290,10_14,,
Tx,2012,India,19,FMLE,Female,5381099,15_19,,
Tx,2012,India,24,FMLE,Female,4916864,20_24,,
Tx,1990,India,39,FMLE,Female,2861122,35_39,,
Tx,2000,India,39,FMLE,Female,3176529,35_39,,
Tx,1990,India,54,FMLE,Female,1707147,50_54,,
Tx,2000,India,79,FMLE,Female,334090,75_79,,
Tx,2012,India,89,FMLE,Female,103847,85_89,,
Tx,1990,India,94,FMLE,Female,16743,90_94,,
Tx,2000,India,94,FMLE,Female,25388,90_94,,
Tx,2012,India,94,FMLE,Female,38331,90_94,,
ex,1990,India,9,FMLE,Female,62,5_9,,
ex,2000,India,19,FMLE,Female,55,15_19,,
ex,2012,India,19,FMLE,Female,58,15_19,,
ex,2000,India,34,FMLE,Female,42,30_34,,
ex,2012,India,49,FMLE,Female,30,45_49,,
ex,1990,India,54,FMLE,Female,23,50_54,,
ex,2012,India,59,FMLE,Female,22,55_59,,
ex,2012,India,64,FMLE,Female,18,60_64,,
ex,2000,India,94,FMLE,Female,4,90_94,,
ex,1990,India,110,FMLE,Female,3,100+,,
ex,2000,India,110,FMLE,Female,3,100+,,
nMx,2012,India,4,MLE,Male,0.003,1_4,,
nMx,1990,India,34,MLE,Male,0.003,30_34,,
nMx,2000,India,59,MLE,Male,0.02,55_59,,
nMx,1990,India,64,MLE,Male,0.034,60_64,,
nMx,1990,India,74,MLE,Male,0.073,70_74,,
nMx,1990,India,79,MLE,Male,0.104,75_79,,
nMx,2012,India,89,MLE,Male,0.163,85_89,,
nMx,1990,India,94,MLE,Male,0.234,90_94,,
nMx,2012,India,99,MLE,Male,0.262,95_99,,
nMx,2012,India,110,MLE,Male,0.332,100+,,
nMx,1990,India,1,BTSX,Both sexes,0.094,<1,,
nMx,2012,India,19,BTSX,Both sexes,0.001,15_19,,
nMx,2000,India,24,BTSX,Both sexes,0.003,20_24,,
nMx,2012,India,24,BTSX,Both sexes,0.002,20_24,,
nMx,1990,India,39,BTSX,Both sexes,0.004,35_39,,
nMx,2000,India,39,BTSX,Both sexes,0.004,35_39,,
nMx,1990,India,49,BTSX,Both sexes,0.008,45_49,,
nMx,2000,India,49,BTSX,Both sexes,0.007,45_49,,
nMx,2012,India,49,BTSX,Both sexes,0.006,45_49,,
nMx,1990,India,69,BTSX,Both sexes,0.046,65_69,,
nMx,2000,India,89,BTSX,Both sexes,0.168,85_89,,
nMx,2000,India,94,BTSX,Both sexes,0.219,90_94,,
nMx,2000,India,110,BTSX,Both sexes,0.363,100+,,
nqx,1990,India,4,MLE,Male,0.034,1_4,,
nqx,2000,India,29,MLE,Male,0.014,25_29,,
nqx,2012,India,29,MLE,Male,0.012,25_29,,
nqx,2000,India,39,MLE,Male,0.023,35_39,,
nqx,1990,India,44,MLE,Male,0.032,40_44,,
nqx,2000,India,44,MLE,Male,0.03,40_44,,
nqx,1990,India,54,MLE,Male,0.071,50_54,,
nqx,2000,India,54,MLE,Male,0.064,50_54,,
nqx,2012,India,54,MLE,Male,0.056,50_54,,
nqx,2012,India,64,MLE,Male,0.128,60_64,,
nqx,1990,India,74,MLE,Male,0.308,70_74,,
nqx,1990,India,84,MLE,Male,0.515,80_84,,
nqx,2000,India,84,MLE,Male,0.5,80_84,,
nqx,2012,India,84,MLE,Male,0.475,80_84,,
nqx,2012,India,1,BTSX,Both sexes,0.044,<1,,
nqx,2000,India,19,BTSX,Both sexes,0.009,15_19,,
nqx,1990,India,29,BTSX,Both sexes,0.015,25_29,,
nqx,1990,India,34,BTSX,Both sexes,0.017,30_34,,
nqx,1990,India,44,BTSX,Both sexes,0.028,40_44,,
nqx,1990,India,59,BTSX,Both sexes,0.092,55_59,,
nqx,2000,India,59,BTSX,Both sexes,0.081,55_59,,
nqx,2012,India,59,BTSX,Both sexes,0.068,55_59,,
nqx,2012,India,69,BTSX,Both sexes,0.168,65_69,,
nqx,2000,India,74,BTSX,Both sexes,0.271,70_74,,
nqx,2000,India,84,BTSX,Both sexes,0.48,80_84,,
nqx,2000,India,89,BTSX,Both sexes,0.576,85_89,,
nqx,2000,India,99,BTSX,Both sexes,0.766,95_99,,
nqx,2012,India,99,BTSX,Both sexes,0.741,95_99,,
lx,1990,India,9,MLE,Male,87865,5_9,,
lx,1990,India,24,MLE,Male,85278,20_24,,
lx,2000,India,24,MLE,Male,89196,20_24,,
lx,2000,India,34,MLE,Male,86903,30_34,,
lx,1990,India,39,MLE,Male,81612,35_39,,
lx,2012,India,44,MLE,Male,87591,40_44,,
lx,2012,India,49,MLE,Male,85191,45_49,,
lx,1990,India,54,MLE,Male,73666,50_54,,
lx,2000,India,74,MLE,Male,44160,70_74,,
lx,2012,India,74,MLE,Male,49847,70_74,,
lx,2000,India,79,MLE,Male,31252,75_79,,
lx,1990,India,89,MLE,Male,7904,85_89,,
lx,2000,India,89,MLE,Male,9441,85_89,,
lx,1990,India,94,MLE,Male,3106,90_94,,
lx,2012,India,110,MLE,Male,470,100+,,
lx,1990,India,9,BTSX,Both sexes,87462,5_9,,
lx,2000,India,24,BTSX,Both sexes,88570,20_24,,
lx,2012,India,24,BTSX,Both sexes,92764,20_24,,
lx,1990,India,29,BTSX,Both sexes,83268,25_29,,
lx,1990,India,39,BTSX,Both sexes,80576,35_39,,
lx,2000,India,49,BTSX,Both sexes,81108,45_49,,
lx,1990,India,64,BTSX,Both sexes,62789,60_64,,
lx,1990,India,69,BTSX,Both sexes,53718,65_69,,
lx,2000,India,69,BTSX,Both sexes,59409,65_69,,
lx,2012,India,89,BTSX,Both sexes,15008,85_89,,
lx,1990,India,94,BTSX,Both sexes,3624,90_94,,
lx,2000,India,94,BTSX,Both sexes,4873,90_94,,
lx,2000,India,110,BTSX,Both sexes,369,100+,,
ndx,2012,India,14,MLE,Male,411,10_14,,x+n
ndx,1990,India,19,MLE,Male,806,15_19,,x+n
ndx,2012,India,19,MLE,Male,625,15_19,,x+n
ndx,1990,India,34,MLE,Male,1436,30_34,,x+n
ndx,1990,India,59,MLE,Male,7125,55_59,,x+n
ndx,2012,India,59,MLE,Male,6344,55_59,,x+n
ndx,1990,India,79,MLE,Male,11377,75_79,,x+n
ndx,2000,India,89,MLE,Male,5570,85_89,,x+n
ndx,2000,India,110,MLE,Male,289,100+,,x+n
ndx,1990,India,9,BTSX,Both sexes,1290,5_9,,x+n
ndx,2000,India,34,BTSX,Both sexes,1367,30_34,,x+n
ndx,2012,India,34,BTSX,Both sexes,1192,30_34,,x+n
ndx,1990,India,39,BTSX,Both sexes,1660,35_39,,x+n
ndx,1990,India,49,BTSX,Both sexes,3060,45_49,,x+n
ndx,2000,India,49,BTSX,Both sexes,2916,45_49,,x+n
ndx,1990,India,64,BTSX,Both sexes,9072,60_64,,x+n
ndx,2012,India,64,BTSX,Both sexes,8163,60_64,,x+n
ndx,2000,India,74,BTSX,Both sexes,13067,70_74,,x+n
ndx,2012,India,74,BTSX,Both sexes,13573,70_74,,x+n
ndx,1990,India,79,BTSX,Both sexes,11861,75_79,,x+n
ndx,2012,India,79,BTSX,Both sexes,14210,75_79,,x+n
ndx,2012,India,110,BTSX,Both sexes,620,100+,,x+n
nLx,1990,India,1,MLE,Male,93686,<1,,
nLx,2012,India,1,MLE,Male,96955,<1,,
nLx,1990,India,14,MLE,Male,432027,10_14,,
nLx,2000,India,14,MLE,Male,451121,10_14,,
nLx,2012,India,14,MLE,Male,469238,10_14,,
nLx,2012,India,24,MLE,Male,462913,20_24,,
nLx,1990,India,39,MLE,Male,403754,35_39,,
nLx,2012,India,39,MLE,Male,443047,35_39,,
nLx,1990,India,44,MLE,Male,393088,40_44,,
nLx,2000,India,54,MLE,Male,374986,50_54,,
nLx,2012,India,64,MLE,Male,333426,60_64,,
nLx,2012,India,69,MLE,Male,280316,65_69,,
nLx,1990,India,84,MLE,Male,59084,80_84,,
nLx,2000,India,84,MLE,Male,69298,80_84,,
nLx,2000,India,99,MLE,Male,3355,95_99,,
nLx,2000,India,1,BTSX,Both sexes,95342,<1,,
nLx,1990,India,4,BTSX,Both sexes,355055,1_4,,
nLx,2000,India,4,BTSX,Both sexes,367048,1_4,,
nLx,2000,India,14,BTSX,Both sexes,448501,10_14,,
nLx,2012,India,14,BTSX,Both sexes,468116,10_14,,
nLx,1990,India,19,BTSX,Both sexes,425149,15_19,,
nLx,2012,India,39,BTSX,Both sexes,444616,35_39,,
nLx,1990,India,44,BTSX,Both sexes,389385,40_44,,
nLx,2000,India,54,BTSX,Both sexes,381155,50_54,,
nLx,2012,India,54,BTSX,Both sexes,409274,50_54,,
nLx,2012,India,69,BTSX,Both sexes,304748,65_69,,
nLx,1990,India,74,BTSX,Both sexes,181847,70_74,,
nLx,2012,India,84,BTSX,Both sexes,104485,80_84,,
nLx,1990,India,89,BTSX,Both sexes,30334,85_89,,
nLx,2012,India,94,BTSX,Both sexes,21587,90_94,,
nLx,2000,India,99,BTSX,Both sexes,4306,95_99,,
Tx,2000,India,1,MLE,Male,6066064,<1,,
Tx,1990,India,9,MLE,Male,5295711,5_9,,
Tx,2000,India,9,MLE,Male,5602423,5_9,,
Tx,2012,India,19,MLE,Male,5029144,15_19,,
Tx,1990,India,24,MLE,Male,3998716,20_24,,
Tx,2000,India,24,MLE,Male,4248786,20_24,,
Tx,2000,India,34,MLE,Male,3367528,30_34,,
Tx,2012,India,49,MLE,Male,2314963,45_49,,
Tx,1990,India,54,MLE,Male,1570086,50_54,,
Tx,2000,India,54,MLE,Male,1707457,50_54,,
Tx,1990,India,69,MLE,Male,605536,65_69,,
Tx,2000,India,79,MLE,Male,241686,75_79,,
Tx,1990,India,94,MLE,Male,12302,90_94,,
Tx,2000,India,94,MLE,Male,15988,90_94,,
Tx,2012,India,1,BTSX,Both sexes,6611797,<1,,
Tx,2000,India,9,BTSX,Both sexes,5698895,5_9,,
Tx,1990,India,14,BTSX,Both sexes,4893917,10_14,,
Tx,2000,India,24,BTSX,Both sexes,4353172,20_24,,
Tx,2000,India,29,BTSX,Both sexes,3913046,25_29,,
Tx,1990,India,39,BTSX,Both sexes,2800436,35_39,,
Tx,2012,India,39,BTSX,Both sexes,3361366,35_39,,
Tx,2012,India,49,BTSX,Both sexes,2480654,45_49,,
Tx,1990,India,59,BTSX,Both sexes,1278021,55_59,,
Tx,2012,India,69,BTSX,Both sexes,906701,65_69,,
Tx,2000,India,79,BTSX,Both sexes,285110,75_79,,
Tx,1990,India,84,BTSX,Both sexes,111512,80_84,,
ex,2012,India,4,MLE,Male,66,1_4,,
ex,2000,India,14,MLE,Male,57,10_14,,
ex,2000,India,29,MLE,Male,43,25_29,,
ex,2000,India,34,MLE,Male,39,30_34,,
ex,2012,India,44,MLE,Male,31,40_44,,
ex,1990,India,49,MLE,Male,25,45_49,,
ex,1990,India,59,MLE,Male,18,55_59,,
ex,1990,India,64,MLE,Male,14,60_64,,
ex,2012,India,74,MLE,Male,10,70_74,,
ex,2012,India,84,MLE,Male,7,80_84,,
ex,2000,India,110,MLE,Male,3,100+,,
ex,2012,India,4,BTSX,Both sexes,68,1_4,,
ex,1990,India,9,BTSX,Both sexes,61,5_9,,
ex,2000,India,9,BTSX,Both sexes,63,5_9,,
ex,2000,India,19,BTSX,Both sexes,54,15_19,,
ex,2012,India,19,BTSX,Both sexes,56,15_19,,
ex,2000,India,34,BTSX,Both sexes,40,30_34,,
ex,2012,India,34,BTSX,Both sexes,42,30_34,,
ex,1990,India,39,BTSX,Both sexes,35,35_39,,
ex,2000,India,59,BTSX,Both sexes,19,55_59,,
ex,2012,India,74,BTSX,Both sexes,11,70_74,,
ex,2000,India,89,BTSX,Both sexes,5,85_89,,
ex,2012,India,110,BTSX,Both sexes,3,100+,,
nMx,2012,India,4,FMLE,Female,0.004,1_4,,
nMx,2000,India,9,FMLE,Female,0.002,5_9,,
nMx,2012,India,9,FMLE,Female,0.001,5_9,,
nMx,2000,India,19,FMLE,Female,0.002,15_19,,
nMx,2012,India,19,FMLE,Female,0.001,15_19,,
nMx,1990,India,54,FMLE,Female,0.011,50_54,,
nMx,2012,India,59,FMLE,Female,0.011,55_59,,
nMx,2012,India,74,FMLE,Female,0.05,70_74,,
nMx,2000,India,79,FMLE,Female,0.084,75_79,,
nMx,2012,India,79,FMLE,Female,0.075,75_79,,
nMx,1990,India,110,FMLE,Female,0.386,100+,,
nqx,2012,India,4,FMLE,Female,0.015,1_4,,
nqx,1990,India,9,FMLE,Female,0.017,5_9,,
nqx,1990,India,19,FMLE,Female,0.014,15_19,,
nqx,2012,India,19,FMLE,Female,0.007,15_19,,
nqx,1990,India,24,FMLE,Female,0.017,20_24,,
nqx,1990,India,34,FMLE,Female,0.017,30_34,,
nqx,2012,India,34,FMLE,Female,0.01,30_34,,
nqx,1990,India,64,FMLE,Female,0.129,60_64,,
nqx,2000,India,64,FMLE,Female,0.109,60_64,,
nqx,2000,India,89,FMLE,Female,0.565,85_89,,
lx,2000,India,29,FMLE,Female,86672,25_29,,
lx,2012,India,29,FMLE,Female,91604,25_29,,
lx,1990,India,34,FMLE,Female,80845,30_34,,
lx,1990,India,64,FMLE,Female,64312,60_64,,
lx,2012,India,69,FMLE,Female,71130,65_69,,
lx,2000,India,74,FMLE,Female,52598,70_74,,
lx,2012,India,74,FMLE,Female,60954,70_74,,
lx,2012,India,84,FMLE,Female,32368,80_84,,
lx,2000,India,89,FMLE,Female,13852,85_89,,
lx,2012,India,89,FMLE,Female,18380,85_89,,
lx,2012,India,99,FMLE,Female,3061,95_99,,
lx,2000,India,110,FMLE,Female,462,100+,,
ndx,2000,India,4,FMLE,Female,2946,1_4,,x+n
ndx,1990,India,9,FMLE,Female,1451,5_9,,x+n
ndx,2000,India,9,FMLE,Female,956,5_9,,x+n
ndx,1990,India,49,FMLE,Female,2479,45_49,,x+n
ndx,2012,India,49,FMLE,Female,1920,45_49,,x+n
ndx,2000,India,59,FMLE,Female,5095,55_59,,x+n
ndx,2000,India,64,FMLE,Female,7680,60_64,,x+n
ndx,2012,India,64,FMLE,Female,7104,60_64,,x+n
ndx,2000,India,74,FMLE,Female,13162,70_74,,x+n
ndx,2012,India,89,FMLE,Female,9817,85_89,,x+n
ndx,2000,India,110,FMLE,Female,462,100+,,x+n
nLx,2012,India,14,FMLE,Female,466873,10_14,,
nLx,2000,India,29,FMLE,Female,430404,25_29,,
nLx,2012,India,29,FMLE,Female,455849,25_29,,
nLx,2000,India,59,FMLE,Female,367111,55_59,,
nLx,1990,India,74,FMLE,Female,195736,70_74,,
nLx,2012,India,74,FMLE,Female,271677,70_74,,
nLx,1990,India,89,FMLE,Female,34971,85_89,,
Tx,2000,India,4,FMLE,Female,6170645,1_4,,
Tx,2012,India,4,FMLE,Female,6695927,1_4,,
Tx,2000,India,14,FMLE,Female,5355484,10_14,,
Tx,2000,India,19,FMLE,Female,4909850,15_19,,
Tx,1990,India,29,FMLE,Female,3669645,25_29,,
Tx,2012,India,29,FMLE,Female,4456600,25_29,,
Tx,2012,India,44,FMLE,Female,3103105,40_44,,
Tx,1990,India,49,FMLE,Female,2081988,45_49,,
Tx,2000,India,59,FMLE,Female,1557724,55_59,,
Tx,2012,India,69,FMLE,Female,1032078,65_69,,
Tx,2000,India,84,FMLE,Female,171269,80_84,,
Tx,2012,India,84,FMLE,Female,229525,80_84,,
Tx,2012,India,99,FMLE,Female,10916,95_99,,
ex,1990,India,1,FMLE,Female,58,<1,,
ex,2000,India,1,FMLE,Female,63,<1,,
ex,2012,India,1,FMLE,Female,68,<1,,
ex,1990,India,4,FMLE,Female,63,1_4,,
ex,1990,India,14,FMLE,Female,58,10_14,,
ex,2012,India,14,FMLE,Female,62,10_14,,
ex,2000,India,39,FMLE,Female,38,35_39,,
ex,2012,India,39,FMLE,Female,40,35_39,,
ex,2000,India,44,FMLE,Female,33,40_44,,
ex,2012,India,54,FMLE,Female,26,50_54,,
ex,2000,India,84,FMLE,Female,7,80_84,,
ex,1990,India,99,FMLE,Female,3,95_99,,
nMx,1990,India,4,MLE,Male,0.009,1_4,,
nMx,2000,India,4,MLE,Male,0.006,1_4,,
nMx,1990,India,9,MLE,Male,0.003,5_9,,
nMx,2000,India,9,MLE,Male,0.002,5_9,,
nMx,2000,India,19,MLE,Male,0.002,15_19,,
nMx,2012,India,34,MLE,Male,0.003,30_34,,
nMx,2000,India,49,MLE,Male,0.009,45_49,,
nMx,2012,India,49,MLE,Male,0.008,45_49,,
nMx,2000,India,64,MLE,Male,0.031,60_64,,
nMx,2012,India,74,MLE,Male,0.063,70_74,,
nMx,2000,India,89,MLE,Male,0.175,85_89,,
nMx,1990,India,110,MLE,Male,0.373,100+,,
nMx,2000,India,110,MLE,Male,0.357,100+,,
nMx,1990,India,9,BTSX,Both sexes,0.003,5_9,,
nMx,2012,India,9,BTSX,Both sexes,0.001,5_9,,
nMx,2012,India,34,BTSX,Both sexes,0.003,30_34,,
nMx,2000,India,64,BTSX,Both sexes,0.027,60_64,,
nMx,2000,India,79,BTSX,Both sexes,0.091,75_79,,
nMx,2012,India,110,BTSX,Both sexes,0.339,100+,,
nqx,2012,India,1,MLE,Male,0.044,<1,,
nqx,2012,India,9,MLE,Male,0.006,5_9,,
nqx,2000,India,14,MLE,Male,0.006,10_14,,
nqx,1990,India,69,MLE,Male,0.224,65_69,,
nqx,2000,India,69,MLE,Male,0.212,65_69,,
nqx,2012,India,69,MLE,Male,0.194,65_69,,
nqx,2012,India,94,MLE,Male,0.655,90_94,,
nqx,1990,India,99,MLE,Male,0.782,95_99,,
nqx,2000,India,99,MLE,Male,0.765,95_99,,
nqx,2000,India,4,BTSX,Both sexes,0.027,1_4,,
nqx,2012,India,4,BTSX,Both sexes,0.013,1_4,,
nqx,2012,India,14,BTSX,Both sexes,0.004,10_14,,
nqx,2000,India,29,BTSX,Both sexes,0.014,25_29,,
nqx,2012,India,29,BTSX,Both sexes,0.011,25_29,,
nqx,2000,India,44,BTSX,Both sexes,0.025,40_44,,
nqx,1990,India,49,BTSX,Both sexes,0.04,45_49,,
nqx,1990,India,74,BTSX,Both sexes,0.293,70_74,,
nqx,2012,India,84,BTSX,Both sexes,0.451,80_84,,
nqx,1990,India,99,BTSX,Both sexes,0.785,95_99,,
lx,2000,India,19,MLE,Male,89952,15_19,,
lx,2012,India,34,MLE,Male,90973,30_34,,
lx,2012,India,59,MLE,Male,77341,55_59,,
lx,2000,India,94,MLE,Male,3871,90_94,,
lx,2000,India,110,MLE,Male,289,100+,,
lx,1990,India,1,BTSX,Both sexes,100000,<1,,
lx,1990,India,14,BTSX,Both sexes,86172,10_14,,
lx,2012,India,19,BTSX,Both sexes,93417,15_19,,
lx,1990,India,24,BTSX,Both sexes,84518,20_24,,
lx,2012,India,49,BTSX,Both sexes,86231,45_49,,
lx,2000,India,64,BTSX,Both sexes,68023,60_64,,
lx,1990,India,79,BTSX,Both sexes,30093,75_79,,
lx,2000,India,79,BTSX,Both sexes,35158,75_79,,
lx,2012,India,94,BTSX,Both sexes,6797,90_94,,
ndx,1990,India,4,MLE,Male,3115,1_4,,x+n
ndx,2000,India,19,MLE,Male,756,15_19,,x+n
ndx,2012,India,29,MLE,Male,1130,25_29,,x+n
ndx,2000,India,34,MLE,Male,1531,30_34,,x+n
ndx,2012,India,34,MLE,Male,1429,30_34,,x+n
ndx,2012,India,44,MLE,Male,2400,40_44,,x+n
ndx,1990,India,49,MLE,Male,3619,45_49,,x+n
ndx,1990,India,74,MLE,Male,12330,70_74,,x+n
ndx,2012,India,74,MLE,Male,13500,70_74,,x+n
ndx,1990,India,89,MLE,Male,4798,85_89,,x+n
ndx,2012,India,89,MLE,Male,6738,85_89,,x+n
ndx,2000,India,99,MLE,Male,942,95_99,,x+n
ndx,2012,India,99,MLE,Male,1331,95_99,,x+n
ndx,2012,India,110,MLE,Male,470,100+,,x+n
ndx,2012,India,4,BTSX,Both sexes,1229,1_4,,x+n
ndx,2000,India,9,BTSX,Both sexes,888,5_9,,x+n
ndx,2012,India,9,BTSX,Both sexes,553,5_9,,x+n
ndx,2000,India,19,BTSX,Both sexes,849,15_19,,x+n
ndx,2012,India,19,BTSX,Both sexes,653,15_19,,x+n
ndx,1990,India,34,BTSX,Both sexes,1407,30_34,,x+n
ndx,2012,India,49,BTSX,Both sexes,2639,45_49,,x+n
ndx,2012,India,59,BTSX,Both sexes,5454,55_59,,x+n
ndx,2000,India,94,BTSX,Both sexes,3294,90_94,,x+n
ndx,2000,India,110,BTSX,Both sexes,369,100+,,x+n
nLx,2000,India,24,MLE,Male,443498,20_24,,
nLx,2000,India,29,MLE,Male,437759,25_29,,
nLx,2000,India,39,MLE,Male,422166,35_39,,
nLx,1990,India,54,MLE,Male,356003,50_54,,
nLx,2012,India,54,MLE,Male,398724,50_54,,
nLx,1990,India,69,MLE,Male,229575,65_69,,
nLx,2012,India,79,MLE,Male,147182,75_79,,
nLx,1990,India,14,BTSX,Both sexes,429160,10_14,,
nLx,2000,India,29,BTSX,Both sexes,434231,25_29,,
nLx,2012,India,29,BTSX,Both sexes,456869,25_29,,
nLx,2012,India,44,BTSX,Both sexes,436096,40_44,,
nLx,1990,India,59,BTSX,Both sexes,330727,55_59,,
nLx,2000,India,69,BTSX,Both sexes,270095,65_69,,
nLx,1990,India,84,BTSX,Both sexes,66802,80_84,,
nLx,2012,India,99,BTSX,Both sexes,6758,95_99,,
Tx,2012,India,9,MLE,Male,5970014,5_9,,
Tx,1990,India,14,MLE,Male,4859233,10_14,,
Tx,1990,India,39,MLE,Male,2744855,35_39,,
Tx,2000,India,39,MLE,Male,2936699,35_39,,
Tx,2012,India,39,MLE,Male,3190226,35_39,,
Tx,1990,India,64,MLE,Male,888762,60_64,,
Tx,1990,India,79,MLE,Male,206727,75_79,,
Tx,2012,India,79,MLE,Male,296681,75_79,,
Tx,1990,India,84,MLE,Male,97644,80_84,,
Tx,2012,India,89,MLE,Male,64248,85_89,,
Tx,2012,India,94,MLE,Male,22904,90_94,,
Tx,2012,India,110,MLE,Male,1413,100+,,
Tx,1990,India,1,BTSX,Both sexes,5776883,<1,,
Tx,2000,India,1,BTSX,Both sexes,6161286,<1,,
Tx,2012,India,9,BTSX,Both sexes,6135512,5_9,,
Tx,2000,India,54,BTSX,Both sexes,1821021,50_54,,
Tx,2012,India,64,BTSX,Both sexes,1259714,60_64,,
Tx,2012,India,79,BTSX,Both sexes,359464,75_79,,
Tx,2000,India,94,BTSX,Both sexes,20337,90_94,,
Tx,2012,India,94,BTSX,Both sexes,30169,90_94,,
ex,2012,India,14,MLE,Male,58,10_14,,
ex,2012,India,29,MLE,Male,45,25_29,,
ex,1990,India,34,MLE,Male,38,30_34,,
ex,1990,India,44,MLE,Male,29,40_44,,
ex,2012,India,54,MLE,Male,23,50_54,,
ex,2000,India,74,MLE,Male,10,70_74,,
ex,1990,India,89,MLE,Male,5,85_89,,
ex,1990,India,99,MLE,Male,3,95_99,,
ex,2000,India,4,BTSX,Both sexes,65,1_4,,
ex,1990,India,34,BTSX,Both sexes,39,30_34,,
ex,2012,India,44,BTSX,Both sexes,33,40_44,,
ex,2012,India,49,BTSX,Both sexes,29,45_49,,
ex,2012,India,59,BTSX,Both sexes,21,55_59,,
ex,2000,India,64,BTSX,Both sexes,16,60_64,,
ex,2000,India,74,BTSX,Both sexes,10,70_74,,
ex,1990,India,79,BTSX,Both sexes,8,75_79,,
ex,2012,India,99,BTSX,Both sexes,4,95_99,,
ex,1990,India,110,BTSX,Both sexes,3,100+,,
ex,2000,India,110,BTSX,Both sexes,3,100+,,
nMx,1990,India,1,FMLE,Female,0.092,<1,,
nMx,1990,India,9,FMLE,Female,0.003,5_9,,
nMx,2000,India,24,FMLE,Female,0.003,20_24,,
nMx,2000,India,34,FMLE,Female,0.003,30_34,,
nMx,1990,India,39,FMLE,Female,0.004,35_39,,
nMx,2000,India,49,FMLE,Female,0.006,45_49,,
nMx,2012,India,49,FMLE,Female,0.004,45_49,,
nMx,1990,India,64,FMLE,Female,0.028,60_64,,
nMx,1990,India,79,FMLE,Female,0.093,75_79,,
nMx,2012,India,89,FMLE,Female,0.15,85_89,,
nMx,2000,India,94,FMLE,Female,0.216,90_94,,
nMx,2012,India,110,FMLE,Female,0.345,100+,,
nqx,2000,India,9,FMLE,Female,0.011,5_9,,
nqx,2000,India,19,FMLE,Female,0.011,15_19,,
nqx,2012,India,29,FMLE,Female,0.01,25_29,,
nqx,1990,India,49,FMLE,Female,0.033,45_49,,
nqx,2012,India,49,FMLE,Female,0.022,45_49,,
nqx,2012,India,59,FMLE,Female,0.054,55_59,,
nqx,1990,India,74,FMLE,Female,0.277,70_74,,
nqx,2012,India,74,FMLE,Female,0.224,70_74,,
nqx,1990,India,79,FMLE,Female,0.378,75_79,,
nqx,2012,India,89,FMLE,Female,0.534,85_89,,
nqx,1990,India,94,FMLE,Female,0.697,90_94,,
nqx,2000,India,110,FMLE,Female,1,100+,,
nqx,2012,India,110,FMLE,Female,1,100+,,
lx,2012,India,1,FMLE,Female,100000,<1,,
lx,2000,India,4,FMLE,Female,93320,1_4,,
lx,2012,India,14,FMLE,Female,93582,10_14,,
lx,1990,India,19,FMLE,Female,84861,15_19,,
lx,2012,India,19,FMLE,Female,93167,15_19,,
lx,2000,India,44,FMLE,Female,82975,40_44,,
lx,2012,India,44,FMLE,Female,88689,40_44,,
lx,1990,India,49,FMLE,Female,76131,45_49,,
lx,1990,India,59,FMLE,Female,69817,55_59,,
lx,1990,India,74,FMLE,Female,45353,70_74,,
lx,1990,India,89,FMLE,Female,10361,85_89,,
lx,1990,India,110,FMLE,Female,271,100+,,
ndx,1990,India,19,FMLE,Female,1153,15_19,,x+n
ndx,2000,India,19,FMLE,Female,949,15_19,,x+n
ndx,2000,India,24,FMLE,Female,1215,20_24,,x+n
ndx,2000,India,34,FMLE,Female,1190,30_34,,x+n
ndx,1990,India,39,FMLE,Female,1500,35_39,,x+n
ndx,2012,India,44,FMLE,Female,1338,40_44,,x+n
ndx,2012,India,59,FMLE,Female,4439,55_59,,x+n
ndx,1990,India,64,FMLE,Female,8314,60_64,,x+n
ndx,1990,India,79,FMLE,Female,12375,75_79,,x+n
ndx,1990,India,89,FMLE,Female,6147,85_89,,x+n
ndx,2012,India,99,FMLE,Female,2274,95_99,,x+n
nLx,2000,India,4,FMLE,Female,365681,1_4,,
nLx,2000,India,19,FMLE,Female,441953,15_19,,
nLx,2012,India,19,FMLE,Female,464234,15_19,,
nLx,2000,India,34,FMLE,Female,424511,30_34,,
nLx,2000,India,44,FMLE,Female,411032,40_44,,
nLx,2012,India,44,FMLE,Female,440251,40_44,,
nLx,2000,India,49,FMLE,Female,401600,45_49,,
nLx,2012,India,84,FMLE,Female,125678,80_84,,
nLx,2012,India,89,FMLE,Female,65516,85_89,,
nLx,2000,India,99,FMLE,Female,5412,95_99,,
nLx,1990,India,110,FMLE,Female,702,100+,,
Tx,2000,India,1,FMLE,Female,6265969,<1,,
Tx,2012,India,1,FMLE,Female,6792826,<1,,
Tx,1990,India,4,FMLE,Female,5718023,1_4,,
Tx,1990,India,44,FMLE,Female,2467434,40_44,,
Tx,1990,India,59,FMLE,Female,1347836,55_59,,
Tx,2012,India,59,FMLE,Female,1809869,55_59,,
Tx,2000,India,74,FMLE,Female,564937,70_74,,
Tx,2000,India,89,FMLE,Female,73454,85_89,,
Tx,1990,India,110,FMLE,Female,702,100+,,
ex,1990,India,19,FMLE,Female,53,15_19,,
ex,2012,India,24,FMLE,Female,53,20_24,,
ex,1990,India,44,FMLE,Female,32,40_44,,
ex,1990,India,59,FMLE,Female,19,55_59,,
ex,2000,India,59,FMLE,Female,21,55_59,,
ex,1990,India,69,FMLE,Female,13,65_69,,
ex,2000,India,69,FMLE,Female,14,65_69,,
ex,2012,India,79,FMLE,Female,9,75_79,,
ex,1990,India,84,FMLE,Female,6,80_84,,
ex,2012,India,84,FMLE,Female,7,80_84,,
ex,1990,India,89,FMLE,Female,5,85_89,,
ex,2012,India,94,FMLE,Female,4,90_94,,
ex,2000,India,99,FMLE,Female,3,95_99,,
ex,2012,India,99,FMLE,Female,4,95_99,,
nMx,1990,India,14,MLE,Male,0.001,10_14,,
nMx,2012,India,14,MLE,Male,0.001,10_14,,
nMx,2000,India,29,MLE,Male,0.003,25_29,,
nMx,2012,India,39,MLE,Male,0.004,35_39,,
nMx,1990,India,44,MLE,Male,0.006,40_44,,
nMx,2000,India,54,MLE,Male,0.013,50_54,,
nMx,2012,India,54,MLE,Male,0.011,50_54,,
nMx,2012,India,64,MLE,Male,0.027,60_64,,
nMx,2000,India,84,MLE,Male,0.136,80_84,,
nMx,2012,India,94,MLE,Male,0.208,90_94,,
nMx,1990,India,99,MLE,Male,0.295,95_99,,
nMx,1990,India,29,BTSX,Both sexes,0.003,25_29,,
nMx,1990,India,44,BTSX,Both sexes,0.006,40_44,,
nMx,2000,India,44,BTSX,Both sexes,0.005,40_44,,
nMx,2000,India,54,BTSX,Both sexes,0.011,50_54,,
nMx,1990,India,59,BTSX,Both sexes,0.019,55_59,,
nMx,2000,India,59,BTSX,Both sexes,0.017,55_59,,
nMx,1990,India,74,BTSX,Both sexes,0.069,70_74,,
nMx,2000,India,74,BTSX,Both sexes,0.063,70_74,,
nMx,2000,India,84,BTSX,Both sexes,0.129,80_84,,
nMx,2012,India,84,BTSX,Both sexes,0.118,80_84,,
nqx,2000,India,4,MLE,Male,0.022,1_4,,
nqx,1990,India,9,MLE,Male,0.013,5_9,,
nqx,2000,India,9,MLE,Male,0.009,5_9,,
nqx,1990,India,24,MLE,Male,0.012,20_24,,
nqx,2012,India,44,MLE,Male,0.027,40_44,,
nqx,2000,India,49,MLE,Male,0.044,45_49,,
nqx,2012,India,74,MLE,Male,0.271,70_74,,
nqx,1990,India,89,MLE,Male,0.607,85_89,,
nqx,2000,India,89,MLE,Male,0.59,85_89,,
nqx,2012,India,99,MLE,Male,0.739,95_99,,
nqx,2000,India,110,MLE,Male,1,100+,,
nqx,1990,India,14,BTSX,Both sexes,0.008,10_14,,
nqx,2012,India,24,BTSX,Both sexes,0.01,20_24,,
nqx,2000,India,34,BTSX,Both sexes,0.016,30_34,,
nqx,2012,India,34,BTSX,Both sexes,0.013,30_34,,
nqx,1990,India,39,BTSX,Both sexes,0.021,35_39,,
nqx,1990,India,54,BTSX,Both sexes,0.062,50_54,,
nqx,1990,India,69,BTSX,Both sexes,0.208,65_69,,
nqx,2012,India,79,BTSX,Both sexes,0.342,75_79,,
nqx,1990,India,84,BTSX,Both sexes,0.503,80_84,,
nqx,2012,India,89,BTSX,Both sexes,0.547,85_89,,
nqx,1990,India,94,BTSX,Both sexes,0.698,90_94,,
lx,1990,India,4,MLE,Male,90980,1_4,,
lx,1990,India,14,MLE,Male,86726,10_14,,
lx,2012,India,24,MLE,Male,93017,20_24,,
lx,2000,India,39,MLE,Male,85372,35_39,,
lx,2012,India,39,MLE,Male,89544,35_39,,
lx,2012,India,54,MLE,Male,81898,50_54,,
lx,1990,India,59,MLE,Male,68439,55_59,,
lx,2000,India,69,MLE,Male,56040,65_69,,
lx,2012,India,69,MLE,Male,61880,65_69,,
lx,1990,India,84,MLE,Male,16306,80_84,,
lx,2000,India,84,MLE,Male,18869,80_84,,
lx,1990,India,4,BTSX,Both sexes,91182,1_4,,
lx,2012,India,4,BTSX,Both sexes,95612,1_4,,
lx,2000,India,19,BTSX,Both sexes,89419,15_19,,
lx,2000,India,34,BTSX,Both sexes,86227,30_34,,
lx,2000,India,44,BTSX,Both sexes,83203,40_44,,
lx,2012,India,44,BTSX,Both sexes,88122,40_44,,
lx,2012,India,54,BTSX,Both sexes,83592,50_54,,
lx,2012,India,69,BTSX,Both sexes,66269,65_69,,
lx,2000,India,84,BTSX,Both sexes,22127,80_84,,
lx,1990,India,89,BTSX,Both sexes,9056,85_89,,
lx,2000,India,89,BTSX,Both sexes,11501,85_89,,
lx,2000,India,99,BTSX,Both sexes,1579,95_99,,
lx,1990,India,110,BTSX,Both sexes,235,100+,,
ndx,1990,India,1,MLE,Male,9020,<1,,x+n
ndx,2012,India,1,MLE,Male,4350,<1,,x+n
ndx,2000,India,9,MLE,Male,825,5_9,,x+n
ndx,1990,India,24,MLE,Male,1057,20_24,,x+n
ndx,2012,India,24,MLE,Male,914,20_24,,x+n
ndx,2012,India,39,MLE,Male,1953,35_39,,x+n
ndx,1990,India,44,MLE,Male,2520,40_44,,x+n
ndx,2012,India,54,MLE,Male,4558,50_54,,x+n
ndx,2000,India,64,MLE,Male,9508,60_64,,x+n
ndx,2012,India,64,MLE,Male,9117,60_64,,x+n
ndx,1990,India,69,MLE,Male,11567,65_69,,x+n
ndx,2012,India,69,MLE,Male,12033,65_69,,x+n
ndx,2000,India,84,MLE,Male,9428,80_84,,x+n
ndx,1990,India,94,MLE,Male,2174,90_94,,x+n
ndx,2012,India,1,BTSX,Both sexes,4388,<1,,x+n
ndx,2000,India,4,BTSX,Both sexes,2477,1_4,,x+n
ndx,1990,India,19,BTSX,Both sexes,974,15_19,,x+n
ndx,2000,India,29,BTSX,Both sexes,1220,25_29,,x+n
ndx,1990,India,44,BTSX,Both sexes,2187,40_44,,x+n
ndx,2000,India,44,BTSX,Both sexes,2095,40_44,,x+n
ndx,2012,India,54,BTSX,Both sexes,3707,50_54,,x+n
ndx,1990,India,59,BTSX,Both sexes,6338,55_59,,x+n
ndx,2000,India,59,BTSX,Both sexes,5986,55_59,,x+n
ndx,2012,India,84,BTSX,Both sexes,12344,80_84,,x+n
ndx,1990,India,89,BTSX,Both sexes,5432,85_89,,x+n
ndx,2012,India,99,BTSX,Both sexes,1775,95_99,,x+n
nLx,2012,India,34,MLE,Male,451456,30_34,,
nLx,1990,India,49,MLE,Male,377927,45_49,,
nLx,2012,India,49,MLE,Male,418165,45_49,,
nLx,1990,India,74,MLE,Male,169235,70_74,,
nLx,2012,India,84,MLE,Male,85251,80_84,,
nLx,2012,India,89,MLE,Male,41344,85_89,,
nLx,1990,India,94,MLE,Male,9284,90_94,,
nLx,1990,India,110,MLE,Male,544,100+,,
nLx,2000,India,110,MLE,Male,810,100+,,
nLx,2000,India,9,BTSX,Both sexes,452129,5_9,,
nLx,2012,India,9,BTSX,Both sexes,470532,5_9,,
nLx,2000,India,34,BTSX,Both sexes,427796,30_34,,
nLx,1990,India,49,BTSX,Both sexes,376462,45_49,,
nLx,2012,India,59,BTSX,Both sexes,386733,55_59,,
nLx,2012,India,89,BTSX,Both sexes,52777,85_89,,
nLx,1990,India,110,BTSX,Both sexes,617,100+,,
nLx,2012,India,110,BTSX,Both sexes,1825,100+,,
Tx,2012,India,1,MLE,Male,6446962,<1,,
Tx,1990,India,19,MLE,Male,4427207,15_19,,
Tx,2000,India,19,MLE,Male,4696755,15_19,,
Tx,2000,India,29,MLE,Male,3805288,25_29,,
Tx,2000,India,44,MLE,Male,2514533,40_44,,
Tx,1990,India,49,MLE,Male,1948013,45_49,,
Tx,1990,India,59,MLE,Male,1214083,55_59,,
Tx,2012,India,69,MLE,Male,792875,65_69,,
Tx,2000,India,84,MLE,Male,117176,80_84,,
Tx,2012,India,84,MLE,Male,149499,80_84,,
Tx,1990,India,99,MLE,Male,3018,95_99,,
Tx,2012,India,4,BTSX,Both sexes,6514868,1_4,,
Tx,1990,India,19,BTSX,Both sexes,4464757,15_19,,
Tx,1990,India,49,BTSX,Both sexes,2012173,45_49,,
Tx,2000,India,59,BTSX,Both sexes,1439866,55_59,,
Tx,2012,India,59,BTSX,Both sexes,1646446,55_59,,
Tx,1990,India,64,BTSX,Both sexes,947295,60_64,,
Tx,2000,India,64,BTSX,Both sexes,1083853,60_64,,
Tx,1990,India,74,BTSX,Both sexes,413451,70_74,,
Tx,2012,India,84,BTSX,Both sexes,187431,80_84,,
ex,1990,India,1,MLE,Male,57,<1,,
ex,2000,India,1,MLE,Male,61,<1,,
ex,2000,India,9,MLE,Male,61,5_9,,
ex,1990,India,14,MLE,Male,56,10_14,,
ex,2012,India,19,MLE,Male,54,15_19,,
ex,2012,India,24,MLE,Male,49,20_24,,
ex,1990,India,39,MLE,Male,34,35_39,,
ex,2012,India,39,MLE,Male,36,35_39,,
ex,2000,India,54,MLE,Male,22,50_54,,
ex,2000,India,64,MLE,Male,15,60_64,,
ex,2000,India,69,MLE,Male,12,65_69,,
ex,2012,India,79,MLE,Male,8,75_79,,
ex,1990,India,84,MLE,Male,6,80_84,,
ex,2012,India,24,BTSX,Both sexes,51,20_24,,
ex,2012,India,39,BTSX,Both sexes,37,35_39,,
ex,1990,India,54,BTSX,Both sexes,22,50_54,,
ex,1990,India,69,BTSX,Both sexes,12,65_69,,
ex,2012,India,79,BTSX,Both sexes,9,75_79,,
nMx,2000,India,1,FMLE,Female,0.07,<1,,
nMx,1990,India,29,FMLE,Female,0.003,25_29,,
nMx,1990,India,59,FMLE,Female,0.016,55_59,,
nMx,2000,India,69,FMLE,Female,0.036,65_69,,
nMx,2012,India,69,FMLE,Female,0.031,65_69,,
nMx,1990,India,84,FMLE,Female,0.133,80_84,,
nMx,2000,India,84,FMLE,Female,0.122,80_84,,
nMx,1990,India,89,FMLE,Female,0.176,85_89,,
nMx,2012,India,99,FMLE,Female,0.263,95_99,,
nqx,1990,India,1,FMLE,Female,0.086,<1,,
nqx,2012,India,9,FMLE,Female,0.006,5_9,,
nqx,1990,India,14,FMLE,Female,0.008,10_14,,
nqx,2000,India,14,FMLE,Female,0.007,10_14,,
nqx,1990,India,54,FMLE,Female,0.052,50_54,,
nqx,2000,India,54,FMLE,Female,0.042,50_54,,
nqx,1990,India,59,FMLE,Female,0.079,55_59,,
nqx,2012,India,64,FMLE,Female,0.091,60_64,,
nqx,2000,India,69,FMLE,Female,0.165,65_69,,
nqx,2012,India,79,FMLE,Female,0.315,75_79,,
nqx,1990,India,99,FMLE,Female,0.788,95_99,,
lx,1990,India,44,FMLE,Female,77970,40_44,,
lx,1990,India,54,FMLE,Female,73652,50_54,,
lx,2012,India,64,FMLE,Female,78234,60_64,,
lx,2000,India,79,FMLE,Female,39436,75_79,,
ndx,2000,India,1,FMLE,Female,6680,<1,,x+n
ndx,1990,India,4,FMLE,Female,4369,1_4,,x+n
ndx,2012,India,9,FMLE,Female,561,5_9,,x+n
ndx,1990,India,14,FMLE,Female,720,10_14,,x+n
ndx,2012,India,24,FMLE,Female,880,20_24,,x+n
ndx,2000,India,29,FMLE,Female,1181,25_29,,x+n
ndx,1990,India,44,FMLE,Female,1838,40_44,,x+n
ndx,2012,India,69,FMLE,Female,10176,65_69,,x+n
ndx,1990,India,84,FMLE,Female,10037,80_84,,x+n
ndx,2012,India,94,FMLE,Female,5503,90_94,,x+n
ndx,1990,India,99,FMLE,Female,1006,95_99,,x+n
ndx,2000,India,99,FMLE,Female,1521,95_99,,x+n
nLx,2000,India,9,FMLE,Female,449480,5_9,,
nLx,2012,India,9,FMLE,Female,469314,5_9,,
nLx,1990,India,24,FMLE,Female,414954,20_24,,
nLx,1990,India,44,FMLE,Female,385446,40_44,,
nLx,1990,India,54,FMLE,Female,359311,50_54,,
nLx,2000,India,54,FMLE,Female,387898,50_54,,
nLx,2012,India,64,FMLE,Female,374645,60_64,,
nLx,2000,India,69,FMLE,Female,290238,65_69,,
nLx,2012,India,79,FMLE,Female,199246,75_79,,
nLx,2000,India,84,FMLE,Female,97815,80_84,,
Tx,1990,India,1,FMLE,Female,5812003,<1,,
Tx,1990,India,9,FMLE,Female,5363818,5_9,,
Tx,2000,India,24,FMLE,Female,4467898,20_24,,
Tx,2012,India,34,FMLE,Female,4000751,30_34,,
Tx,2000,India,64,FMLE,Female,1190613,60_64,,
Tx,2012,India,64,FMLE,Female,1406723,60_64,,
Tx,1990,India,69,FMLE,Female,709689,65_69,,
Tx,1990,India,79,FMLE,Female,259622,75_79,,
Tx,2000,India,110,FMLE,Female,1258,100+,,
Tx,2012,India,110,FMLE,Female,2278,100+,,
ex,2000,India,24,FMLE,Female,51,20_24,,
ex,1990,India,34,FMLE,Female,40,30_34,,
ex,2012,India,34,FMLE,Female,44,30_34,,
ex,1990,India,39,FMLE,Female,36,35_39,,
ex,2012,India,44,FMLE,Female,35,40_44,,
ex,1990,India,49,FMLE,Female,27,45_49,,
ex,2000,India,49,FMLE,Female,29,45_49,,
ex,2000,India,79,FMLE,Female,8,75_79,,
ex,2012,India,89,FMLE,Female,6,85_89,,
ex,1990,India,94,FMLE,Female,4,90_94,,
ex,2012,India,110,FMLE,Female,3,100+,,
nMx,2000,India,1,MLE,Male,0.07,<1,,
nMx,2012,India,1,MLE,Male,0.045,<1,,
nMx,2012,India,9,MLE,Male,0.001,5_9,,
nMx,2000,India,24,MLE,Male,0.002,20_24,,
nMx,1990,India,29,MLE,Male,0.003,25_29,,
nMx,1990,India,39,MLE,Male,0.004,35_39,,
nMx,1990,India,54,MLE,Male,0.015,50_54,,
nMx,1990,India,59,MLE,Male,0.022,55_59,,
nMx,2000,India,79,MLE,Male,0.099,75_79,,
nMx,2012,India,79,MLE,Male,0.092,75_79,,
nMx,2000,India,94,MLE,Male,0.223,90_94,,
nMx,2000,India,99,MLE,Male,0.281,95_99,,
nMx,2000,India,1,BTSX,Both sexes,0.07,<1,,
nMx,2000,India,14,BTSX,Both sexes,0.001,10_14,,
nMx,2012,India,14,BTSX,Both sexes,0.001,10_14,,
nMx,1990,India,19,BTSX,Both sexes,0.002,15_19,,
nMx,2012,India,44,BTSX,Both sexes,0.004,40_44,,
nMx,2000,India,69,BTSX,Both sexes,0.041,65_69,,
nMx,1990,India,84,BTSX,Both sexes,0.137,80_84,,
nMx,1990,India,89,BTSX,Both sexes,0.179,85_89,,
nMx,2012,India,94,BTSX,Both sexes,0.204,90_94,,
nMx,2000,India,99,BTSX,Both sexes,0.281,95_99,,
nqx,2012,India,19,MLE,Male,0.007,15_19,,
nqx,1990,India,34,MLE,Male,0.017,30_34,,
nqx,2000,India,59,MLE,Male,0.094,55_59,,
nqx,1990,India,64,MLE,Male,0.159,60_64,,
nqx,2000,India,74,MLE,Male,0.292,70_74,,
nqx,1990,India,79,MLE,Male,0.411,75_79,,
nqx,2000,India,79,MLE,Male,0.396,75_79,,
nqx,2012,India,89,MLE,Male,0.564,85_89,,
nqx,1990,India,110,MLE,Male,1,100+,,
nqx,1990,India,1,BTSX,Both sexes,0.088,<1,,
nqx,1990,India,9,BTSX,Both sexes,0.015,5_9,,
nqx,2000,India,9,BTSX,Both sexes,0.01,5_9,,
nqx,2012,India,19,BTSX,Both sexes,0.007,15_19,,
nqx,1990,India,24,BTSX,Both sexes,0.015,20_24,,
nqx,2000,India,24,BTSX,Both sexes,0.013,20_24,,
nqx,2012,India,49,BTSX,Both sexes,0.031,45_49,,
nqx,2000,India,54,BTSX,Both sexes,0.053,50_54,,
nqx,1990,India,64,BTSX,Both sexes,0.144,60_64,,
nqx,2012,India,74,BTSX,Both sexes,0.246,70_74,,
nqx,1990,India,79,BTSX,Both sexes,0.394,75_79,,
nqx,2000,India,94,BTSX,Both sexes,0.676,90_94,,
lx,2000,India,1,MLE,Male,100000,<1,,
lx,2012,India,1,MLE,Male,100000,<1,,
lx,1990,India,19,MLE,Male,86085,15_19,,
lx,2000,India,29,MLE,Male,88160,25_29,,
lx,2012,India,29,MLE,Male,92103,25_29,,
lx,2000,India,44,MLE,Male,83412,40_44,,
lx,2000,India,54,MLE,Male,77345,50_54,,
lx,2012,India,84,MLE,Male,22769,80_84,,
lx,2012,India,94,MLE,Male,5216,90_94,,
lx,2000,India,99,MLE,Male,1231,95_99,,
lx,2012,India,1,BTSX,Both sexes,100000,<1,,
lx,2000,India,14,BTSX,Both sexes,89982,10_14,,
lx,2012,India,14,BTSX,Both sexes,93830,10_14,,
lx,2000,India,29,BTSX,Both sexes,87447,25_29,,
lx,1990,India,44,BTSX,Both sexes,78916,40_44,,
lx,1990,India,49,BTSX,Both sexes,76729,45_49,,
lx,1990,India,59,BTSX,Both sexes,69127,55_59,,
lx,2000,India,59,BTSX,Both sexes,74009,55_59,,
lx,2012,India,59,BTSX,Both sexes,79886,55_59,,
lx,2000,India,74,BTSX,Both sexes,48225,70_74,,
lx,1990,India,99,BTSX,Both sexes,1093,95_99,,
lx,2012,India,99,BTSX,Both sexes,2394,95_99,,
ndx,2000,India,1,MLE,Male,6630,<1,,x+n
ndx,2012,India,9,MLE,Male,547,5_9,,x+n
ndx,1990,India,14,MLE,Male,642,10_14,,x+n
ndx,2000,India,24,MLE,Male,1036,20_24,,x+n
ndx,1990,India,29,MLE,Male,1173,25_29,,x+n
ndx,1990,India,39,MLE,Male,1808,35_39,,x+n
ndx,2000,India,39,MLE,Male,1960,35_39,,x+n
ndx,1990,India,54,MLE,Male,5226,50_54,,x+n
ndx,2000,India,54,MLE,Male,4970,50_54,,x+n
ndx,2000,India,69,MLE,Male,11880,65_69,,x+n
ndx,2000,India,79,MLE,Male,12382,75_79,,x+n
ndx,2000,India,94,MLE,Male,2640,90_94,,x+n
ndx,2012,India,94,MLE,Male,3415,90_94,,x+n
ndx,1990,India,99,MLE,Male,729,95_99,,x+n
ndx,1990,India,1,BTSX,Both sexes,8818,<1,,x+n
ndx,2000,India,1,BTSX,Both sexes,6654,<1,,x+n
ndx,2012,India,14,BTSX,Both sexes,413,10_14,,x+n
ndx,2012,India,24,BTSX,Both sexes,898,20_24,,x+n
ndx,1990,India,29,BTSX,Both sexes,1285,25_29,,x+n
ndx,2012,India,29,BTSX,Both sexes,1006,25_29,,x+n
ndx,2000,India,39,BTSX,Both sexes,1656,35_39,,x+n
ndx,2012,India,39,BTSX,Both sexes,1545,35_39,,x+n
ndx,2012,India,44,BTSX,Both sexes,1891,40_44,,x+n
ndx,2000,India,54,BTSX,Both sexes,4183,50_54,,x+n
ndx,1990,India,69,BTSX,Both sexes,11155,65_69,,x+n
ndx,1990,India,74,BTSX,Both sexes,12470,70_74,,x+n
ndx,2000,India,84,BTSX,Both sexes,10626,80_84,,x+n
ndx,1990,India,99,BTSX,Both sexes,859,95_99,,x+n
nLx,2000,India,4,MLE,Male,368282,1_4,,
nLx,2012,India,4,MLE,Male,379993,1_4,,
nLx,1990,India,19,MLE,Male,428490,15_19,,
nLx,2000,India,19,MLE,Male,447969,15_19,,
nLx,2012,India,19,MLE,Male,466753,15_19,,
nLx,1990,India,24,MLE,Male,423830,20_24,,
nLx,2000,India,44,MLE,Male,411029,40_44,,
nLx,2012,India,44,MLE,Male,432216,40_44,,
nLx,2012,India,59,MLE,Male,371772,55_59,,
nLx,2012,India,99,MLE,Male,5085,95_99,,
nLx,2012,India,4,BTSX,Both sexes,379356,1_4,,
nLx,1990,India,9,BTSX,Both sexes,434084,5_9,,
nLx,2000,India,24,BTSX,Both sexes,440126,20_24,,
nLx,2012,India,34,BTSX,Both sexes,451417,30_34,,
nLx,2000,India,49,BTSX,Both sexes,398680,45_49,,
nLx,2012,India,49,BTSX,Both sexes,424934,45_49,,
nLx,1990,India,64,BTSX,Both sexes,292357,60_64,,
nLx,2000,India,64,BTSX,Both sexes,319731,60_64,,
nLx,1990,India,69,BTSX,Both sexes,241487,65_69,,
nLx,2012,India,74,BTSX,Both sexes,242489,70_74,,
nLx,1990,India,79,BTSX,Both sexes,120092,75_79,,
nLx,2012,India,79,BTSX,Both sexes,172033,75_79,,
nLx,2000,India,89,BTSX,Both sexes,39412,85_89,,
nLx,2000,India,94,BTSX,Both sexes,15013,90_94,,
Tx,1990,India,4,MLE,Male,5651556,1_4,,
Tx,2000,India,4,MLE,Male,5970705,1_4,,
Tx,2012,India,14,MLE,Male,5498382,10_14,,
Tx,2012,India,29,MLE,Male,4099478,25_29,,
Tx,1990,India,34,MLE,Male,3156636,30_34,,
Tx,1990,India,44,MLE,Male,2341100,40_44,,
Tx,2012,India,44,MLE,Male,2747179,40_44,,
Tx,2000,India,69,MLE,Male,681647,65_69,,
Tx,1990,India,89,MLE,Male,38560,85_89,,
Tx,2000,India,99,MLE,Male,4165,95_99,,
Tx,1990,India,110,MLE,Male,544,100+,,
Tx,2000,India,4,BTSX,Both sexes,6065943,1_4,,
Tx,2000,India,19,BTSX,Both sexes,4798264,15_19,,
Tx,1990,India,24,BTSX,Both sexes,4039609,20_24,,
Tx,2012,India,34,BTSX,Both sexes,3812783,30_34,,
Tx,2012,India,44,BTSX,Both sexes,2916750,40_44,,
Tx,2000,India,49,BTSX,Both sexes,2219701,45_49,,
Tx,2012,India,74,BTSX,Both sexes,601953,70_74,,
Tx,1990,India,79,BTSX,Both sexes,231604,75_79,,
Tx,1990,India,89,BTSX,Both sexes,44710,85_89,,
Tx,2000,India,89,BTSX,Both sexes,59749,85_89,,
Tx,1990,India,110,BTSX,Both sexes,617,100+,,
ex,2012,India,9,MLE,Male,63,5_9,,
ex,2000,India,24,MLE,Male,48,20_24,,
ex,1990,India,29,MLE,Male,42,25_29,,
ex,1990,India,54,MLE,Male,21,50_54,,
ex,2012,India,64,MLE,Male,16,60_64,,
ex,1990,India,79,MLE,Male,7,75_79,,
ex,2000,India,79,MLE,Male,8,75_79,,
ex,2012,India,89,MLE,Male,5,85_89,,
ex,1990,India,94,MLE,Male,4,90_94,,
ex,2000,India,94,MLE,Male,4,90_94,,
ex,1990,India,1,BTSX,Both sexes,58,<1,,
ex,2012,India,1,BTSX,Both sexes,66,<1,,
ex,1990,India,4,BTSX,Both sexes,62,1_4,,
ex,1990,India,14,BTSX,Both sexes,57,10_14,,
ex,2000,India,14,BTSX,Both sexes,58,10_14,,
ex,1990,India,29,BTSX,Both sexes,43,25_29,,
ex,2000,India,39,BTSX,Both sexes,36,35_39,,
ex,1990,India,44,BTSX,Both sexes,30,40_44,,
ex,2000,India,54,BTSX,Both sexes,23,50_54,,
ex,2000,India,84,BTSX,Both sexes,6,80_84,,
ex,1990,India,99,BTSX,Both sexes,3,95_99,,
nMx,2012,India,1,FMLE,Female,0.046,<1,,
nMx,1990,India,4,FMLE,Female,0.012,1_4,,
nMx,1990,India,14,FMLE,Female,0.002,10_14,,
nMx,1990,India,19,FMLE,Female,0.003,15_19,,
nMx,2000,India,29,FMLE,Female,0.003,25_29,,
nMx,2012,India,29,FMLE,Female,0.002,25_29,,
nMx,1990,India,44,FMLE,Female,0.005,40_44,,
nMx,2012,India,54,FMLE,Female,0.007,50_54,,
nMx,1990,India,74,FMLE,Female,0.064,70_74,,
nMx,2000,India,74,FMLE,Female,0.057,70_74,,
nMx,2012,India,94,FMLE,Female,0.201,90_94,,
nMx,1990,India,99,FMLE,Female,0.299,95_99,,
nMx,2000,India,99,FMLE,Female,0.281,95_99,,
nqx,2000,India,1,FMLE,Female,0.067,<1,,
nqx,1990,India,4,FMLE,Female,0.048,1_4,,
nqx,2012,India,24,FMLE,Female,0.01,20_24,,
nqx,2000,India,44,FMLE,Female,0.019,40_44,,
nqx,1990,India,69,FMLE,Female,0.19,65_69,,
nqx,2000,India,84,FMLE,Female,0.463,80_84,,
nqx,2012,India,84,FMLE,Female,0.432,80_84,,
nqx,2012,India,94,FMLE,Female,0.643,90_94,,
lx,1990,India,1,FMLE,Female,100000,<1,,
lx,2000,India,1,FMLE,Female,100000,<1,,
lx,2012,India,9,FMLE,Female,94143,5_9,,
lx,1990,India,24,FMLE,Female,83708,20_24,,
lx,2012,India,24,FMLE,Female,92484,20_24,,
lx,1990,India,29,FMLE,Female,82250,25_29,,
lx,2012,India,39,FMLE,Female,89794,35_39,,
lx,2012,India,49,FMLE,Female,87350,45_49,,
lx,2000,India,54,FMLE,Female,79136,50_54,,
lx,1990,India,69,FMLE,Female,55999,65_69,,
lx,2000,India,69,FMLE,Female,63017,65_69,,
lx,1990,India,79,FMLE,Female,32773,75_79,,
lx,2012,India,79,FMLE,Female,47275,75_79,,
lx,1990,India,84,FMLE,Female,20398,80_84,,
lx,2000,India,84,FMLE,Female,25782,80_84,,
lx,2000,India,94,FMLE,Female,6030,90_94,,
ndx,2000,India,14,FMLE,Female,582,10_14,,x+n
ndx,2012,India,14,FMLE,Female,415,10_14,,x+n
ndx,1990,India,29,FMLE,Female,1405,25_29,,x+n
ndx,2012,India,29,FMLE,Female,873,25_29,,x+n
ndx,2000,India,44,FMLE,Female,1608,40_44,,x+n
ndx,2000,India,54,FMLE,Female,3344,50_54,,x+n
ndx,1990,India,69,FMLE,Female,10645,65_69,,x+n
ndx,2012,India,84,FMLE,Female,13987,80_84,,x+n
nLx,2000,India,24,FMLE,Female,436454,20_24,,
nLx,2012,India,24,FMLE,Female,460264,20_24,,
nLx,1990,India,29,FMLE,Female,407720,25_29,,
nLx,1990,India,39,FMLE,Female,393688,35_39,,
nLx,2000,India,39,FMLE,Female,418275,35_39,,
nLx,2012,India,39,FMLE,Female,446288,35_39,,
nLx,1990,India,69,FMLE,Female,254331,65_69,,
nLx,2012,India,69,FMLE,Female,331630,65_69,,
nLx,2000,India,79,FMLE,Female,162821,75_79,,
nLx,2000,India,94,FMLE,Female,18719,90_94,,
nLx,2012,India,94,FMLE,Female,27415,90_94,,
nLx,1990,India,99,FMLE,Female,3367,95_99,,
Tx,2000,India,9,FMLE,Female,5804964,5_9,,
Tx,2012,India,9,FMLE,Female,6317286,5_9,,
Tx,1990,India,24,FMLE,Female,4084598,20_24,,
Tx,2000,India,34,FMLE,Female,3601040,30_34,,
Tx,2012,India,39,FMLE,Female,3549393,35_39,,
Tx,2000,India,49,FMLE,Female,2347222,45_49,,
Tx,2012,India,49,FMLE,Female,2662854,45_49,,
Tx,2000,India,54,FMLE,Female,1945622,50_54,,
Tx,1990,India,64,FMLE,Female,1011615,60_64,,
Tx,2012,India,74,FMLE,Female,700448,70_74,,
Tx,2012,India,79,FMLE,Female,428771,75_79,,
Tx,1990,India,84,FMLE,Female,127232,80_84,,
ex,2000,India,4,FMLE,Female,66,1_4,,
ex,2012,India,4,FMLE,Female,70,1_4,,
ex,2000,India,9,FMLE,Female,64,5_9,,
ex,2012,India,9,FMLE,Female,67,5_9,,
ex,1990,India,24,FMLE,Female,49,20_24,,
ex,1990,India,64,FMLE,Female,16,60_64,,
ex,2000,India,64,FMLE,Female,17,60_64,,
ex,2000,India,74,FMLE,Female,11,70_74,,
ex,2012,India,74,FMLE,Female,11,70_74,,
ex,1990,India,79,FMLE,Female,8,75_79,,
ex,2000,India,89,FMLE,Female,5,85_89,,
